Age Group,COVID-19 Hosps
0-9,55584.666666666664
10-19,73834.66666666667
20-29,294638.0
30-39,424724.0
40-49,507062.0
50-59,810741.0
60-69,1070057.0
70-79,1086323.0
80-90,494491.5
90-100,494491.5
